trial,delta_stimulation,response,listened,hypothesis,confidence,reaction_time,time_delay,stimulus_time,position,failed
[],0,0,[],[],[],1.0681617259979248,0.3385215028500346,5.751921892166138,2,False
0,1.5,3,[],[],[],0,0.3385215028500346,10.16461730003357,1,True
0,1.5,1,[],[],[],0.9806630611419678,0.15115526581495586,5.24177098274231,4,False
0,0,1,[],[],[],0.4936990737915039,0.3676955337708411,6.005873203277588,3,False
0,1.5,1,[],[],[],0.8959591388702393,0.18805009274381668,1.2741062641143799,6,False
