trial,delta_stimulation,response,listened,hypothesis,confidence,reaction_time,time_delay,stimulus_time,position,failed
[],0,0,[],[],[],1.0448040962219238,0.37295812294383546,2.2378408908843994,6,False
[],1.5,0,[],[],[],2.025886058807373,0.3690279847278086,5.446325063705444,7,False
[],1.5,0,[],[],[],3.1449532508850098,0.18861457503774837,9.32476282119751,1,False
[],0,0,[],[],[],0.5176723003387451,0.16714824862918665,6.721514940261841,3,False
