trial,delta_stimulation,response,listened,hypothesis,confidence,reaction_time,time_delay,stimulus_time,position,failed
[],0,0,[],[],[],1.391653299331665,0.39990993631440996,3.539139986038208,1,False
[],1.5,1,[],[],[],1.1015520095825195,0.38291917263061315,8.238615036010742,8,False
[],1.5,1,[],[],[],0.9990909099578857,0.3877463257622372,6.894523859024048,4,False
[],0,1,[],[],[],1.2073569297790527,0.12961831187471026,9.893355131149292,7,False
