trial,delta_stimulation,response,listened,hypothesis,confidence,reaction_time,time_delay,stimulus_time,position,failed
[],0,0,[],[],[],1.9464566707611084,0.22230878952585115,3.2946479320526123,9,False
0,1.5,3,[],[],[],0,0.22230878952585115,10.310180902481079,2,True
0,1.5,1,[],[],[],1.5398273468017578,0.3459677212349577,7.792293071746826,5,False
0,0,0,[],[],[],1.1149029731750488,0.3417089341951867,9.487311124801636,4,False
0,1.5,1,[],[],[],1.0641038417816162,0.22284505945571964,3.226130962371826,9,False
