trial,delta_stimulation,response,listened,hypothesis,confidence,reaction_time,time_delay,stimulus_time,position,failed
[],0,0,[],[],[],0.7710411548614502,0.16406860010832996,2.988024950027466,6,False
[],1.5,1,[],[],[],1.0020499229431152,0.30388460821371244,1.4197170734405518,3,False
[],1.5,1,[],[],[],1.0977489948272705,0.12878363165172535,3.3470771312713623,5,False
[],0,1,[],[],[],0.9343552589416504,0.3526295445512415,6.631055116653442,9,False
