trial,delta_stimulation,response,listened,hypothesis,confidence,reaction_time,time_delay,stimulus_time,position,failed
[],0,0,[],[],[],2.8473479747772217,0.13806500013181675,2.7541608810424805,2,False
[],1.5,1,[],[],[],1.5309031009674072,0.11341241429957842,9.279383897781372,1,False
[],1.5,1,[],[],[],0.9237780570983887,0.3606259153743402,4.028319835662842,9,False
[],0,0,[],[],[],0.9293608665466309,0.312969214026551,10.119472026824951,6,False
