trial,delta_stimulation,response,listened,hypothesis,confidence,reaction_time,time_delay,stimulus_time,position,failed
1,0,0,no ,no ,0.3,3.471595048904419,0.1164435862596967,3.548673152923584,3,False
2,1.5,1,yes ,yes ,0.6,2.5927979946136475,0.23472742054888288,4.067332029342651,1,False
3,1.5,1,yeah ,yeah ,0.47,2.385272979736328,0.31646935592875813,3.257720947265625,2,False
4,0,2,no ,no ,0.29,10.000000953674316,0.3589612366838971,9.674279928207397,7,False
