trial,delta_stimulation,response,listened,hypothesis,confidence,reaction_time,time_delay,stimulus_time,position,failed
[],0,0,[],[],[],1.2843897342681885,0.19521529007509825,5.498076915740967,2,False
[],1.5,1,[],[],[],1.2997078895568848,0.19018454736808912,3.1034820079803467,8,False
[],1.5,1,[],[],[],1.284430742263794,0.213757282798428,7.522705793380737,1,False
[],0,0,[],[],[],1.029538869857788,0.3878394439984455,1.8950021266937256,5,False
